DiscFacAdj,DiscFacAdj_standard_error,CRRA,CRRA_standard_error
0.8759950002544901,0.002289443811855301,3.693148329756696,0.04486938946286114
