DiscFacAdj,CRRA
0.8759950002544901,3.693148329756696
