DiscFacAdj,CRRA
0.9112344146442882,3.191410422715186
